Lat15-Fixed13,8,13
Lat15-Fixed14,8,14
Lat15-Fixed15,8,15
Lat15-Fixed16,8,16
Lat15-Fixed18,8,18
Lat15-Terminus12x6,6,12
Lat15-Terminus14,8,14
Lat15-Terminus16,8,16
Lat15-Terminus18x10,10,18
Lat15-Terminus20x10,10,20
Lat15-Terminus22x11,11,22
Lat15-Terminus24x12,12,24
Lat15-Terminus28x14,14,28
Lat15-Terminus32x16,16,32
Lat15-TerminusBold14,8,14
Lat15-TerminusBold16,8,16
Lat15-TerminusBold18x10,10,18
Lat15-TerminusBold20x10,10,20
Lat15-TerminusBold22x11,11,22
Lat15-TerminusBold24x12,12,24
Lat15-TerminusBold28x14,14,28
Lat15-TerminusBold32x16,16,32
Lat15-TerminusBoldVGA14,8,14
Lat15-TerminusBoldVGA16,8,16
Lat15-VGA14,8,14
Lat15-VGA16,8,16
Lat15-VGA28x16,16,28
Lat15-VGA32x16,16,32
Lat15-VGA8,8,8
Lat2-Fixed13,8,13
Lat2-Fixed14,8,14
Lat2-Fixed15,8,15
Lat2-Fixed16,8,16
Lat2-Fixed18,8,18
Lat2-Terminus12x6,6,12
Lat2-Terminus14,8,14
Lat2-Terminus16,8,16
Lat2-Terminus18x10,10,18
Lat2-Terminus20x10,10,20
Lat2-Terminus22x11,11,22
Lat2-Terminus24x12,12,24
Lat2-Terminus28x14,14,28
Lat2-Terminus32x16,16,32
Lat2-TerminusBold14,8,14
Lat2-TerminusBold16,8,16
Lat2-TerminusBold18x10,10,18
Lat2-TerminusBold20x10,10,20
Lat2-TerminusBold22x11,11,22
Lat2-TerminusBold24x12,12,24
Lat2-TerminusBold28x14,14,28
Lat2-TerminusBold32x16,16,32
Lat2-TerminusBoldVGA14,8,14
Lat2-TerminusBoldVGA16,8,16
Lat2-VGA14,8,14
Lat2-VGA16,8,16
Lat2-VGA28x16,16,28
Lat2-VGA32x16,16,32
Lat2-VGA8,8,8
Lat38-Fixed13,8,13
Lat38-Fixed14,8,14
Lat38-Fixed15,8,15
Lat38-Fixed16,8,16
Lat38-Fixed18,8,18
Lat38-Terminus12x6,6,12
Lat38-Terminus14,8,14
Lat38-Terminus16,8,16
Lat38-Terminus18x10,10,18
Lat38-Terminus20x10,10,20
Lat38-Terminus22x11,11,22
Lat38-Terminus24x12,12,24
Lat38-Terminus28x14,14,28
Lat38-Terminus32x16,16,32
Lat38-TerminusBold14,8,14
Lat38-TerminusBold16,8,16
Lat38-TerminusBold18x10,10,18
Lat38-TerminusBold20x10,10,20
Lat38-TerminusBold22x11,11,22
Lat38-TerminusBold24x12,12,24
Lat38-TerminusBold28x14,14,28
Lat38-TerminusBold32x16,16,32
Lat38-TerminusBoldVGA14,8,14
Lat38-TerminusBoldVGA16,8,16
Lat38-VGA14,8,14
Lat38-VGA16,8,16
Lat38-VGA28x16,16,28
Lat38-VGA32x16,16,32
Lat38-VGA8,8,8
Lat7-Fixed13,8,13
Lat7-Fixed14,8,14
Lat7-Fixed15,8,15
Lat7-Fixed16,8,16
Lat7-Fixed18,8,18
Lat7-Terminus12x6,6,12
Lat7-Terminus14,8,14
Lat7-Terminus16,8,16
Lat7-Terminus18x10,10,18
Lat7-Terminus20x10,10,20
Lat7-Terminus22x11,11,22
Lat7-Terminus24x12,12,24
Lat7-Terminus28x14,14,28
Lat7-Terminus32x16,16,32
Lat7-TerminusBold14,8,14
Lat7-TerminusBold16,8,16
Lat7-TerminusBold18x10,10,18
Lat7-TerminusBold20x10,10,20
Lat7-TerminusBold22x11,11,22
Lat7-TerminusBold24x12,12,24
Lat7-TerminusBold28x14,14,28
Lat7-TerminusBold32x16,16,32
Lat7-TerminusBoldVGA14,8,14
Lat7-TerminusBoldVGA16,8,16
Lat7-VGA14,8,14
Lat7-VGA16,8,16
Lat7-VGA28x16,16,28
Lat7-VGA32x16,16,32
Lat7-VGA8,8,8
